Index,Descriptor Name,Type,Description,Dimention,Extended class,Activity,BalabanJ,BertzCT,Chi0,TPSA,MolWt
1,BalabanJ,Balaban's J index,"Balaban's J value for a molecule,Chem. Phys. Lett. 89:399-404 (1982).",2,Topological descriptors,Active,1.2,2.3,3.4,90.6,180.5
2,BertzCT,BertzCT,"A topological index meant to quantify ""complexity"""""""" of molecules.J. Am. Chem. Soc. 103:3599-601 (1981).""""""",2,Topological descriptors,Active,2.3,3.4,4.5,120.8,210.7
3,Chi0,Chi indices,"From equations (1),(9) and (10) of Rev. Comp. Chem. vol 2, 367-422, (1991)",2,Connectivity descriptors,Active,1.2,3.4,2.5,90.0,200.5
4,Chi1,Chi indices,"From equations (1),(11) and (12) of Rev. Comp. Chem. vol 2, 367-422, (1991)",2,Connectivity descriptors,Active,2.0,3.9,4.5,70.2,180.2
5,Chi0v,Chi indices,"From equations (5),(9) and (10) of Rev. Comp. Chem. vol 2, 367-422, (1991)",2,Connectivity descriptors,Active,0.8,2.1,1.5,85.3,220.5
6,Chi1v,Chi indices,"From equations (5),(11) and (12) of Rev. Comp. Chem. vol 2, 367-422, (1991)",2,Connectivity descriptors,Active,1.5,2.9,4.1,92.3,202.9
7,Chi2v,Chi indices,"From equations (5),(15) and (16) of Rev. Comp. Chem. vol 2, 367-422, (1991)",2,Connectivity descriptors,Active,1.2,2.6,4.7,104.9,203.9
8,Chi3v,Chi indices,"From equations (5),(15) and (16) of Rev. Comp. Chem. vol 2, 367-422, (1991)",2,Connectivity descriptors,Active,1.2,3.2,4.2,83.0,197.4
9,Chi4v,Chi indices,"From equations (5),(15) and (16) of Rev. Comp. Chem. vol 2, 367-422, (1991)",2,Connectivity descriptors,Active,1.8,3.1,2.2,88.4,215.4
10,Chi0n,Chi indices,"Similar to Hall Kier Chi0v, but uses nVal instead of valence This makes a big difference after we get out of the first row.Rev. Comput. Chem. 2:367-422 (1991).",2,Connectivity descriptors,Active,1.7,3.6,3.8,102.2,205.4
11,Chi1n,Chi indices,"Similar to Hall Kier Chi1v, but uses nVal instead of valence.Rev. Comput. Chem. 2:367-422 (1991).",2,Connectivity descriptors,Active,1.5,2.2,3.3,92.0,196.1
12,Chi2n,Chi indices,"Similar to Hall Kier Chi2v, but uses nVal instead of valence This makes a big difference after we get out of the first row.Rev. Comput. Chem. 2:367-422 (1991).",2,Connectivity descriptors,Active,1.5,3.5,3.4,106.7,171.3
13,Chi3n,Chi indices,"Similar to Hall Kier Chi3v, but uses nVal instead of valence This makes a big difference after we get out of the first row.Rev. Comput. Chem. 2:367-422 (1991).",2,Connectivity descriptors,Active,1.9,4.0,2.2,70.5,160.8
14,Chi4n,Chi indices,"Similar to Hall Kier Chi4v, but uses nVal instead of valence.This makes a big difference after we get out of the first row.Rev. Comput. Chem. 2:367-422 (1991).",2,Connectivity descriptors,Active,1.9,3.1,2.4,81.8,156.1
15,EState_VSA1,EState_VSA,"MOE-type descriptors using EState indices and surface area contributions (developed at RD, not described in the CCG paper).",2,MOE-type descriptors,Active,1.5,3.2,2.8,82.7,152.0
16,EState_VSA2,EState_VSA,"MOE-type descriptors using EState indices and surface area contributions (developed at RD, not described in the CCG paper).",2,MOE-type descriptors,Active,1.7,4.0,1.7,112.4,168.8
17,EState_VSA3,EState_VSA,"MOE-type descriptors using EState indices and surface area contributions (developed at RD, not described in the CCG paper).",2,MOE-type descriptors,Active,2.3,2.8,4.7,101.4,177.1
18,EState_VSA4,EState_VSA,"MOE-type descriptors using EState indices and surface area contributions (developed at RD, not described in the CCG paper).",2,MOE-type descriptors,Active,2.0,3.5,3.6,72.6,209.7
19,EState_VSA5,EState_VSA,"MOE-type descriptors using EState indices and surface area contributions (developed at RD, not described in the CCG paper).",2,MOE-type descriptors,Active,1.6,2.4,2.4,73.8,185.3
20,EState_VSA6,EState_VSA,"MOE-type descriptors using EState indices and surface area contributions (developed at RD, not described in the CCG paper).",2,MOE-type descriptors,Active,1.1,3.7,2.6,76.3,167.5
21,EState_VSA7,EState_VSA,"MOE-type descriptors using EState indices and surface area contributions (developed at RD, not described in the CCG paper).",2,MOE-type descriptors,Active,2.3,3.8,1.6,82.6,212.5
22,EState_VSA8,EState_VSA,"MOE-type descriptors using EState indices and surface area contributions (developed at RD, not described in the CCG paper).",2,MOE-type descriptors,Active,1.3,3.4,3.2,116.9,183.1
23,EState_VSA9,EState_VSA,"MOE-type descriptors using EState indices and surface area contributions (developed at RD, not described in the CCG paper).",2,MOE-type descriptors,Active,1.1,2.8,2.8,112.6,198.8
24,EState_VSA10,EState_VSA,"MOE-type descriptors using EState indices and surface area contributions (developed at RD, not described in the CCG paper).",2,MOE-type descriptors,Active,1.7,2.4,2.6,100.9,169.9
25,EState_VSA11,EState_VSA,"MOE-type descriptors using EState indices and surface area contributions (developed at RD, not described in the CCG paper).",2,MOE-type descriptors,Active,1.6,2.0,4.2,77.6,195.4
26,ExactMolWt,ExactMolWt,The molecule's exact molecular weight.,2,Molecular property descriptors,Active,1.5,3.3,2.1,75.1,154.9
27,FractionCSP3,FractionCSP3,The fraction of C atoms that are SP3 hybridized.,1,Constitutional descriptors,Active,2.5,2.3,2.5,111.3,170.4
28,HallKierAlpha,HallKierAlpha,The Hall-Kier alpha value for a molecule.Rev. Comput. Chem. 2:367-422 (1991).,2,Topological descriptors,Active,1.9,3.4,4.0,87.0,153.7
29,HeavyAtomCount,HeavyAtomCount,Number of heavy atoms of a molecule.,1,Constitutional descriptors,Active,1.1,2.2,2.1,104.5,214.0
30,HeavyAtomMolWt,HeavyAtomMolWt,The average molecular weight of the molecule ignoring hydrogens,1,Constitutional descriptors,Active,2.1,3.6,1.7,115.6,181.2
31,Ipc,Ipc,the information content of the coefficients of the characteristic polynomial of the adjacency matrix of a hydrogen-suppressed graph of a molecule.,2,Topological descriptors,Active,2.2,2.4,1.5,71.2,199.0
32,Kappa1,Kappa descriptors,Hall-Kier Kappa1 value,2,Topological descriptors,Active,2.4,2.2,2.5,97.2,196.1
33,Kappa2,Kappa descriptors,Hall-Kier Kappa2 value,2,Topological descriptors,Active,1.6,2.8,3.5,116.1,163.8
34,Kappa3,Kappa descriptors,Hall-Kier Kappa2 value,2,Topological descriptors,Active,1.0,2.7,3.8,76.5,178.2
35,LabuteASA,LabuteASA,Labute's Approximate Surface Area (ASA from MOE),2,MOE-type descriptors,Active,2.0,2.1,2.3,88.7,191.3
36,MolLogP,MolLogP,Wildman-Crippen LogP value.Wildman and Crippen JCICS 39:868-73 (1999),2,Molecular property descriptors,Active,1.1,3.1,4.1,116.5,181.3
37,MolMR,MolMR,Wildman-Crippen MR value.Wildman and Crippen JCICS 39:868-73 (1999),2,Molecular property descriptors,Active,1.9,3.4,1.8,108.5,209.2
38,MolWt,MolWt,The average molecular weight of the molecule,2,Molecular property descriptors,Active,1.3,3.0,4.3,97.5,155.4
39,NHOHCount,NHOHCount,Number of NHs or OHs,1,Constitutional descriptors,Active,1.4,2.2,4.4,107.6,174.4
40,NOCount,NOCount,Number of Nitrogens and Oxygens,1,Constitutional descriptors,Active,2.1,3.8,1.7,73.7,153.9
41,NumAliphaticCarbocycles,NumAliphaticCarbocycles,The number of aliphatic (containing at least one non-aromatic bond) carbocycles for a molecule,1,Constitutional descriptors,Active,1.0,3.1,1.5,101.9,201.4
42,NumAliphaticHeterocycles,NumAliphaticHeterocycles,The number of aliphatic (containing at least one non-aromatic bond) heterocycles for a molecule,1,Constitutional descriptors,Active,1.9,3.5,2.3,86.5,187.4
43,NumAliphaticRings,NumAliphaticRings,The number of aliphatic (containing at least one non-aromatic bond) rings for a molecule,1,Constitutional descriptors,Active,2.2,2.7,2.0,75.9,167.3
44,NumAromaticCarbocycles,NumAromaticCarbocycles,The number of aromatic carbocycles for a molecule,1,Constitutional descriptors,Active,1.9,3.1,3.5,115.9,201.0
45,NumAromaticHeterocycles,NumAromaticHeterocycles,The number of aromatic heterocycles for a molecule,1,Constitutional descriptors,Active,1.6,3.9,4.8,81.0,203.9
46,NumAromaticRings,NumAromaticRings,The number of aromatic rings for a molecule,1,Constitutional descriptors,Active,2.0,2.5,1.6,108.3,183.0
47,NumHAcceptors,NumHAcceptors,Number of Hydrogen Bond Acceptors,1,Constitutional descriptors,Active,1.8,2.5,3.0,113.2,162.5
48,NumHDonors,NumHDonors,Number of Hydrogen Bond Donors,1,Constitutional descriptors,Active,2.0,3.9,3.2,84.0,201.4
49,NumHeteroatoms,NumHeteroatoms,Number of Heteroatoms,1,Constitutional descriptors,Active,2.2,2.1,4.0,118.8,198.9
50,NumRadicalElectrons,NumRadicalElectrons,The number of radical electrons the molecule has (says nothing about spin state),1,Constitutional descriptors,Active,2.1,2.3,2.0,110.4,151.1
51,NumRotatableBonds,NumRotatableBonds,Number of Rotatable Bonds,1,Constitutional descriptors,Active,1.6,3.7,3.6,103.8,186.0
52,NumSaturatedCarbocycles,NumSaturatedCarbocycles,The number of saturated carbocycles for a molecule,1,Constitutional descriptors,Active,2.0,2.4,3.9,96.8,163.1
53,NumSaturatedHeterocycles,NumSaturatedHeterocycles,The number of saturated heterocycles for a molecule,1,Constitutional descriptors,Active,1.2,3.8,4.5,74.3,217.1
54,NumSaturatedRings,NumSaturatedRings,The number of saturated rings for a molecule,1,Constitutional descriptors,Active,2.3,3.5,2.3,84.9,174.6
55,NumValenceElectrons,NumValenceElectrons,The number of valence electrons the molecule has,1,Constitutional descriptors,Active,2.3,2.3,1.4,83.6,157.4
56,PEOE_VSA1,PEOE_VSA,MOE Charge VSA Descriptor 1 (-inf < x < -0.30),2,MOE-type descriptors,Active,2.0,3.5,3.8,110.1,219.8
57,PEOE_VSA2,PEOE_VSA,MOE Charge VSA Descriptor 2 (-0.30 <= x < -0.25),2,MOE-type descriptors,Active,1.1,3.3,1.8,72.1,191.0
58,PEOE_VSA3,PEOE_VSA,MOE Charge VSA Descriptor 3 (-0.25 <= x < -0.20),2,MOE-type descriptors,Active,1.8,3.1,2.2,119.1,193.6
59,PEOE_VSA4,PEOE_VSA,MOE Charge VSA Descriptor 4 (-0.20 <= x < -0.15),2,MOE-type descriptors,Active,1.9,2.0,4.1,112.9,157.2
60,PEOE_VSA5,PEOE_VSA,MOE Charge VSA Descriptor 5 (-0.15 <= x < -0.10),2,MOE-type descriptors,Active,2.2,2.4,3.2,102.6,183.9
61,PEOE_VSA6,PEOE_VSA,MOE Charge VSA Descriptor 6 (-0.10 <= x < -0.05),2,MOE-type descriptors,Active,1.3,3.5,4.3,76.1,158.1
62,PEOE_VSA7,PEOE_VSA,MOE Charge VSA Descriptor 7 (-0.05 <= x < 0.00),2,MOE-type descriptors,Active,1.1,2.9,2.9,92.5,165.8
63,PEOE_VSA8,PEOE_VSA,MOE Charge VSA Descriptor 8 ( 0.00 <= x < 0.05),2,MOE-type descriptors,Active,1.5,2.4,1.2,76.5,161.4
64,PEOE_VSA9,PEOE_VSA,MOE Charge VSA Descriptor 9 ( 0.05 <= x < 0.10),2,MOE-type descriptors,Active,1.7,3.8,4.3,104.3,193.4
65,PEOE_VSA10,PEOE_VSA,MOE Charge VSA Descriptor 10 ( 0.10 <= x < 0.15),2,MOE-type descriptors,Active,2.2,3.6,1.8,79.3,188.5
66,PEOE_VSA11,PEOE_VSA,MOE Charge VSA Descriptor 11 ( 0.15 <= x < 0.20),2,MOE-type descriptors,Active,2.1,2.7,2.8,106.7,165.6
67,PEOE_VSA12,PEOE_VSA,MOE Charge VSA Descriptor 12 ( 0.20 <= x < 0.25),2,MOE-type descriptors,Active,2.0,3.1,3.8,91.4,199.3
68,PEOE_VSA13,PEOE_VSA,MOE Charge VSA Descriptor 13 ( 0.25 <= x < 0.30),2,MOE-type descriptors,Active,2.3,3.1,2.0,111.3,189.1
69,PEOE_VSA14,PEOE_VSA,MOE Charge VSA Descriptor 14 ( 0.30 <= x < inf),2,MOE-type descriptors,Active,1.6,2.5,1.7,85.7,194.7
70,RingCount,RingCount,The number of rings for a molecule,1,Constitutional descriptors,Active,1.4,3.4,4.1,99.8,162.4
71,SMR_VSA1,SMR_VSA,MOE MR VSA Descriptor 1 (-inf < x < 1.29),2,MOE-type descriptors,Active,1.9,2.5,2.1,82.7,167.1
72,SMR_VSA2,SMR_VSA,MOE MR VSA Descriptor 2 ( 1.29 <= x < 1.82),2,MOE-type descriptors,Active,1.6,3.6,2.6,73.1,192.4
73,SMR_VSA3,SMR_VSA,MOE MR VSA Descriptor 3 ( 1.82 <= x < 2.24),2,MOE-type descriptors,Active,1.6,3.0,2.7,117.0,186.3
74,SMR_VSA4,SMR_VSA,MOE MR VSA Descriptor 4 ( 2.24 <= x < 2.45),2,MOE-type descriptors,Active,1.8,3.3,2.2,113.0,177.7
75,SMR_VSA5,SMR_VSA,MOE MR VSA Descriptor 5 ( 2.45 <= x < 2.75),2,MOE-type descriptors,Active,2.3,2.5,3.1,114.3,201.7
76,SMR_VSA6,SMR_VSA,MOE MR VSA Descriptor 6 ( 2.75 <= x < 3.05),2,MOE-type descriptors,Active,1.5,3.6,1.2,115.3,167.1
77,SMR_VSA7,SMR_VSA,MOE MR VSA Descriptor 7 ( 3.05 <= x < 3.63),2,MOE-type descriptors,Active,2.0,3.7,2.5,72.7,183.3
78,SMR_VSA8,SMR_VSA,MOE MR VSA Descriptor 8 ( 3.63 <= x < 3.80),2,MOE-type descriptors,Active,2.0,4.0,2.2,97.7,165.9
79,SMR_VSA9,SMR_VSA,MOE MR VSA Descriptor 9 ( 3.80 <= x < 4.00),2,MOE-type descriptors,Active,1.5,3.7,2.5,101.5,214.8
80,SMR_VSA10,SMR_VSA,MOE MR VSA Descriptor 10 ( 4.00 <= x < inf),2,MOE-type descriptors,Active,2.2,2.8,2.0,75.8,150.4
81,SlogP_VSA1,SlogP_VSA,MOE logP VSA Descriptor 1 (-inf < x < -0.40),2,MOE-type descriptors,Active,1.9,4.0,4.6,105.6,198.1
82,SlogP_VSA2,SlogP_VSA,MOE logP VSA Descriptor 2 (-0.40 <= x < -0.20),2,MOE-type descriptors,Active,2.2,2.4,1.1,73.7,154.6
83,SlogP_VSA3,SlogP_VSA,MOE logP VSA Descriptor 3 (-0.20 <= x < 0.00),2,MOE-type descriptors,Active,2.3,2.9,3.9,100.6,214.7
84,SlogP_VSA4,SlogP_VSA,MOE logP VSA Descriptor 4 ( 0.00 <= x < 0.10),2,MOE-type descriptors,Active,1.1,2.4,5.0,100.6,204.5
85,SlogP_VSA5,SlogP_VSA,MOE logP VSA Descriptor 5 ( 0.10 <= x < 0.15),2,MOE-type descriptors,Active,2.3,3.0,1.4,72.1,177.5
86,SlogP_VSA6,SlogP_VSA,MOE logP VSA Descriptor 6 ( 0.15 <= x < 0.20),2,MOE-type descriptors,Active,2.4,3.1,2.4,93.1,187.5
87,SlogP_VSA7,SlogP_VSA,MOE logP VSA Descriptor 7 ( 0.20 <= x < 0.25),2,MOE-type descriptors,Active,1.5,2.9,3.1,109.4,197.8
88,SlogP_VSA8,SlogP_VSA,MOE logP VSA Descriptor 8 ( 0.25 <= x < 0.30),2,MOE-type descriptors,Active,2.4,2.9,3.0,95.8,165.9
89,SlogP_VSA9,SlogP_VSA,MOE logP VSA Descriptor 9 ( 0.30 <= x < 0.40),2,MOE-type descriptors,Active,2.2,2.8,1.6,81.2,159.7
90,SlogP_VSA10,SlogP_VSA,MOE logP VSA Descriptor 10 ( 0.40 <= x < 0.50),2,MOE-type descriptors,Active,1.3,2.7,1.5,113.1,185.7
91,SlogP_VSA11,SlogP_VSA,MOE logP VSA Descriptor 11 ( 0.50 <= x < 0.60),2,MOE-type descriptors,Active,1.9,4.0,2.6,96.3,206.0
92,SlogP_VSA12,SlogP_VSA,MOE logP VSA Descriptor 12 ( 0.60 <= x < inf),2,MOE-type descriptors,Active,2.3,3.7,3.4,98.8,211.3
93,TPSA,TPSA,The polar surface area of a molecule based upon fragments,2,Molecular property descriptors,Active,1.1,3.2,1.3,71.8,194.3
94,VSA_EState1,VSA_Estate,VSA EState Descriptor 1 (-inf < x < 4.78),2,MOE-type descriptors,Active,2.1,2.3,3.2,111.2,180.5
95,VSA_EState2,VSA_Estate,VSA EState Descriptor 2 ( 4.78 <= x < 5.00),2,MOE-type descriptors,Active,2.1,2.8,4.8,73.5,184.4
96,VSA_EState3,VSA_Estate,VSA EState Descriptor 3 ( 5.00 <= x < 5.41),2,MOE-type descriptors,Active,2.3,2.2,3.1,74.4,189.8
97,VSA_EState4,VSA_Estate,VSA EState Descriptor 4 ( 5.41 <= x < 5.74),2,MOE-type descriptors,Active,1.6,2.9,1.4,83.4,215.2
98,VSA_EState5,VSA_Estate,VSA EState Descriptor 5 ( 5.74 <= x < 6.00),2,MOE-type descriptors,Active,1.9,2.8,5.0,112.0,218.2
99,VSA_EState6,VSA_Estate,VSA EState Descriptor 6 ( 6.00 <= x < 6.07),2,MOE-type descriptors,Active,1.8,2.1,2.4,98.4,168.3
100,VSA_EState7,VSA_Estate,VSA EState Descriptor 7 ( 6.07 <= x < 6.45),2,MOE-type descriptors,Active,1.8,4.0,3.4,107.7,172.4
101,VSA_EState8,VSA_Estate,VSA EState Descriptor 8 ( 6.45 <= x < 7.00),2,MOE-type descriptors,Active,1.1,2.2,4.7,108.2,220.0
102,VSA_EState9,VSA_Estate,VSA EState Descriptor 9 ( 7.00 <= x < 11.00),2,MOE-type descriptors,Active,1.5,2.9,5.0,93.6,190.2
103,VSA_EState10,VSA_Estate,VSA EState Descriptor 10 ( 11.00 <= x < inf),2,MOE-type descriptors,Active,1.6,2.9,2.2,82.5,166.4
104,fr_Al_COO,fr_Al_COO,Number of aliphatic carboxylic acids,1,Constitutional descriptors,Active,2.0,3.8,3.2,84.9,152.1
105,fr_Al_OH,fr_Al_OH,Number of aliphatic hydroxyl groups,1,Constitutional descriptors,Active,1.8,4.0,3.5,115.1,174.0
106,fr_Al_OH_noTert,fr_Al_OH_noTert,Number of aliphatic hydroxyl groups excluding tert-OH,1,Constitutional descriptors,Active,1.3,3.5,2.0,72.0,179.8
107,fr_ArN,fr_ArN,Number of N functional groups attached to aromatics,1,Constitutional descriptors,Active,1.1,2.3,2.6,92.5,198.3
108,fr_Ar_COO,fr_Ar_COO,Number of Aromatic carboxylic acide,1,Constitutional descriptors,Active,1.9,2.8,3.7,107.2,202.4
109,fr_Ar_N,fr_Ar_N,Number of aromatic nitrogens,1,Constitutional descriptors,Active,2.2,2.7,4.3,109.7,194.3
110,fr_Ar_NH,fr_Ar_NH,Number of aromatic amines,1,Constitutional descriptors,Active,1.5,3.9,1.5,113.4,208.7
111,fr_Ar_OH,fr_Ar_OH,Number of aromatic hydroxyl groups,1,Constitutional descriptors,Active,2.4,2.0,1.6,116.2,212.4
112,fr_COO,fr_COO,Number of carboxylic acids,1,Constitutional descriptors,Active,1.2,2.4,2.0,82.6,189.4
113,fr_COO2,fr_COO2,Number of carboxylic acids,1,Constitutional descriptors,Active,2.2,2.7,4.2,77.8,195.2
114,fr_C_O,fr_C_O,Number of carbonyl O,1,Constitutional descriptors,Active,1.4,2.5,2.8,116.2,186.8
115,fr_C_O_noCOO,fr_C_O_noCOO,"Number of carbonyl O, excluding COOH",1,Constitutional descriptors,Active,1.2,3.0,3.8,89.6,174.8
116,fr_C_S,fr_C_S,Number of thiocarbonyl,1,Constitutional descriptors,Active,1.0,2.9,1.6,117.3,189.2
117,fr_HOCCN,fr_HOCCN,Number of C(OH)CCN-Ctert-alkyl or C(OH)CCNcyclic,1,Constitutional descriptors,Active,1.7,2.2,3.2,112.5,178.7
118,fr_Imine,fr_Imine,Number of Imines,1,Constitutional descriptors,Active,1.6,2.6,1.7,117.2,163.6
119,fr_NH0,fr_NH0,Number of Tertiary amines,1,Constitutional descriptors,Active,1.3,3.0,1.5,94.8,204.8
120,fr_NH1,fr_NH1,Number of Secondary amines,1,Constitutional descriptors,Active,1.6,2.4,2.6,113.1,186.1
121,fr_NH2,fr_NH2,Number of Primary amines,1,Constitutional descriptors,Active,1.1,2.3,5.0,111.0,217.9
122,fr_N_O,fr_N_O,Number of hydroxylamine groups,1,Constitutional descriptors,Active,1.8,3.3,3.2,86.2,173.0
123,fr_Ndealkylation1,fr_Ndealkylation1,Number of XCCNR groups,1,Constitutional descriptors,Active,1.3,2.7,3.5,99.0,166.1
124,fr_Ndealkylation2,fr_Ndealkylation2,"Number of tert-alicyclic amines (no heteroatoms, not quinine-like bridged N)",1,Constitutional descriptors,Inactive,1.4,3.9,1.2,97.0,163.0
125,fr_Nhpyrrole,fr_Nhpyrrole,Number of H-pyrrole nitrogens,1,Constitutional descriptors,Active,2.0,3.9,3.7,115.7,160.0
126,fr_SH,fr_SH,Number of thiol groups,1,Constitutional descriptors,Active,2.4,2.5,3.9,117.6,158.4
127,fr_aldehyde,fr_aldehyde,Number of aldehydes,1,Constitutional descriptors,Active,2.4,2.2,3.4,101.1,216.6
128,fr_alkyl_carbamate,fr_alkyl_carbamate,Number of alkyl carbamates (subject to hydrolysis),1,Constitutional descriptors,Active,2.0,2.1,1.6,77.5,198.7
129,fr_alkyl_halide,fr_alkyl_halide,Number of alkyl halides,1,Constitutional descriptors,Active,2.2,3.6,3.4,79.3,160.0
130,fr_allylic_oxid,fr_allylic_oxid,Number of allylic oxidation sites excluding steroid dienone,1,Constitutional descriptors,Active,2.3,2.6,3.3,98.7,217.1
131,fr_amide,fr_amide,Number of amides,1,Constitutional descriptors,Active,1.9,2.4,1.4,87.0,182.5
132,fr_amidine,fr_amidine,Number of amidine groups,1,Constitutional descriptors,Active,2.4,2.6,4.2,86.4,182.9
133,fr_aniline,fr_aniline,Number of anilines,1,Constitutional descriptors,Active,1.3,3.5,3.6,89.4,174.4
134,fr_aryl_methyl,fr_aryl_methyl,Number of aryl methyl sites for hydroxylation,1,Constitutional descriptors,Active,1.9,2.5,3.2,111.5,216.0
135,fr_azide,fr_azide,Number of azide groups,1,Constitutional descriptors,Active,1.3,2.6,4.8,101.2,198.8
136,fr_azo,fr_azo,Number of azo groups,1,Constitutional descriptors,Active,1.7,2.4,4.6,107.8,210.2
137,fr_barbitur,fr_barbitur,Number of barbiturate groups,1,Constitutional descriptors,Active,2.2,2.0,1.0,76.9,211.5
138,fr_benzene,fr_benzene,Number of benzene rings,1,Constitutional descriptors,Active,2.1,2.0,2.4,87.9,159.6
139,fr_benzodiazepine,fr_benzodiazepine,Number of benzodiazepines with no additional fused rings,1,Constitutional descriptors,Active,2.2,3.7,4.1,105.9,162.2
140,fr_bicyclic,fr_bicyclic,Bicyclic,1,Constitutional descriptors,Active,2.4,3.8,1.2,77.3,156.2
141,fr_diazo,fr_diazo,Number of diazo groups,1,Constitutional descriptors,Active,1.3,3.7,3.5,95.0,194.3
142,fr_dihydropyridine,fr_dihydropyridine,Number of dihydropyridines,1,Constitutional descriptors,Active,1.4,3.0,3.2,102.7,187.8
143,fr_epoxide,fr_epoxide,Number of epoxide rings,1,Constitutional descriptors,Active,1.1,2.1,2.8,83.5,153.6
144,fr_ester,fr_ester,Number of esters,1,Constitutional descriptors,Active,1.7,3.6,1.3,96.2,162.0
145,fr_ether,fr_ether,Number of ether oxygens (including phenoxy),1,Constitutional descriptors,Active,1.6,3.5,1.5,82.6,191.2
146,fr_furan,fr_furan,Number of furan rings,1,Constitutional descriptors,Active,1.5,2.5,1.8,77.0,168.2
147,fr_guanido,fr_guanido,Number of guanidine groups,1,Constitutional descriptors,Active,1.2,2.9,3.4,78.5,158.9
148,fr_halogen,fr_halogen,Number of halogens,1,Constitutional descriptors,Active,2.2,2.6,2.3,75.2,197.1
149,fr_hdrzine,fr_hdrzine,Number of hydrazine groups,1,Constitutional descriptors,Active,2.2,3.2,1.2,94.9,182.4
150,fr_hdrzone,fr_hdrzone,Number of hydrazone groups,1,Constitutional descriptors,Active,1.0,2.6,4.5,112.4,194.4
151,fr_imidazole,fr_imidazole,Number of imidazole rings,1,Constitutional descriptors,Active,1.9,2.9,1.6,98.2,155.4
152,fr_imide,fr_imide,Number of imide groups,1,Constitutional descriptors,Active,2.1,2.4,1.8,85.0,155.0
153,fr_isocyan,fr_isocyan,Number of isocyanates,1,Constitutional descriptors,Active,1.1,3.9,3.3,85.1,212.7
154,fr_isothiocyan,fr_isothiocyan,Number of isothiocyanates,1,Constitutional descriptors,Active,1.2,3.9,4.0,82.1,214.8
155,fr_ketone,fr_ketone,Number of ketones,1,Constitutional descriptors,Active,1.8,3.0,1.9,72.6,152.2
156,fr_ketone_Topliss,fr_ketone_Topliss,"Number of ketones excluding diaryl, a,b-unsat.",1,Constitutional descriptors,Active,2.0,3.6,4.3,107.0,212.8
157,fr_lactam,fr_lactam,Number of beta lactams,1,Constitutional descriptors,Active,2.3,3.0,3.0,86.9,175.6
158,fr_lactone,fr_lactone,Number of cyclic esters (lactones),1,Constitutional descriptors,Active,1.3,3.1,4.8,72.7,209.1
159,fr_methoxy,fr_methoxy,Number of methoxy groups -OCH3,1,Constitutional descriptors,Active,2.0,3.0,2.0,110.6,202.0
160,fr_morpholine,fr_morpholine,Number of morpholine rings,1,Constitutional descriptors,Active,1.9,3.6,4.1,113.1,177.7
161,fr_nitrile,fr_nitrile,Number of nitriles,1,Constitutional descriptors,Active,2.2,2.9,2.9,106.0,189.6
162,fr_nitro,fr_nitro,Number of nitro groups,1,Constitutional descriptors,Active,1.8,2.7,4.6,73.8,196.8
163,fr_nitro_arom,fr_nitro_arom,Number of nitro benzene ring substituents,1,Constitutional descriptors,Active,1.8,2.0,4.8,96.2,168.5
164,fr_nitro_arom_nonortho,fr_nitro_arom_nonortho,Number of non-ortho nitro benzene ring substituents,1,Constitutional descriptors,Active,2.2,2.7,1.4,75.7,193.7
165,fr_nitroso,fr_nitroso,"Number of nitroso groups, excluding NO2",1,Constitutional descriptors,Active,1.9,3.5,3.6,119.4,175.6
166,fr_oxazole,fr_oxazole,Number of oxazole rings,1,Constitutional descriptors,Active,1.9,2.2,1.3,115.9,150.4
167,fr_oxime,fr_oxime,Number of oxime groups,1,Constitutional descriptors,Active,1.7,3.0,1.0,116.2,189.0
168,fr_para_hydroxylation,fr_para_hydroxylation,Number of para-hydroxylation sites,1,Constitutional descriptors,Active,2.3,2.1,2.1,95.5,182.1
169,fr_phenol,fr_phenol,Number of phenols,1,Constitutional descriptors,Active,2.2,2.6,4.8,99.1,164.4
170,fr_phenol_noOrthoHbond,fr_phenol_noOrthoHbond,Number of phenolic OH excluding ortho intramolecular Hbond substituents,1,Constitutional descriptors,Active,2.4,3.3,3.1,117.4,168.0
171,fr_phos_acid,fr_phos_acid,Number of phosphoric acid groups,1,Constitutional descriptors,Active,1.6,3.9,4.1,119.1,202.5
172,fr_phos_ester,fr_phos_ester,Number of phosphoric ester groups,1,Constitutional descriptors,Active,2.4,2.8,3.9,82.4,177.9
173,fr_piperdine,fr_piperdine,Number of piperdine rings,1,Constitutional descriptors,Active,1.4,3.0,1.3,118.0,180.2
174,fr_piperzine,fr_piperzine,Number of piperzine rings,1,Constitutional descriptors,Active,1.8,2.6,3.4,106.6,181.9
175,fr_priamide,fr_priamide,Number of primary amides,1,Constitutional descriptors,Active,1.4,2.7,4.8,119.4,156.3
176,fr_prisulfonamd,fr_prisulfonamd,Number of primary sulfonamides,1,Constitutional descriptors,Active,2.1,2.4,1.4,90.4,181.0
177,fr_pyridine,fr_pyridine,Number of pyridine rings,1,Constitutional descriptors,Active,2.3,3.8,1.9,76.3,177.3
178,fr_quatN,fr_quatN,Number of quarternary nitrogens,1,Constitutional descriptors,Active,1.6,3.9,2.3,110.8,207.9
179,fr_sulfide,fr_sulfide,Number of thioether,1,Constitutional descriptors,Active,2.2,2.2,3.1,96.6,206.7
180,fr_sulfonamd,fr_sulfonamd,Number of sulfonamides,1,Constitutional descriptors,Active,1.2,2.0,4.9,83.6,169.8
181,fr_sulfone,fr_sulfone,Number of sulfone groups,1,Constitutional descriptors,Active,1.7,2.5,3.5,112.0,214.5
182,fr_term_acetylene,fr_term_acetylene,Number of terminal acetylenes,1,Constitutional descriptors,Active,1.7,3.8,3.3,87.7,201.3
183,fr_tetrazole,fr_tetrazole,Number of tetrazole rings,1,Constitutional descriptors,Active,1.3,2.3,1.3,110.0,205.5
184,fr_thiazole,fr_thiazole,Number of thiazole rings,1,Constitutional descriptors,Active,2.2,3.6,1.9,112.8,152.4
185,fr_thiocyan,fr_thiocyan,Number of thiocyanates,1,Constitutional descriptors,Active,2.2,3.7,4.5,108.9,212.3
186,fr_thiophene,fr_thiophene,Number of thiophene rings,1,Constitutional descriptors,Active,1.9,2.3,4.5,105.7,161.8
187,fr_unbrch_alkane,fr_unbrch_alkane,Number of unbranched alkanes of at least 4 members (excludes halogenated alkanes),1,Constitutional descriptors,Active,1.3,2.9,4.4,98.5,185.0
188,fr_urea,fr_urea,Number of urea groups,1,Constitutional descriptors,Active,1.5,3.1,4.1,72.1,211.0
189,MaxAbsEStateIndex,Estate Index,"Returns a tuple of EState indices for the molecule, Reference: Hall, Mohney and Kier. JCICS _31_ 76-81 (1991)",2,Topological descriptors,Active,2.5,2.4,1.2,75.3,202.0
190,MaxAbsPartialCharge,Partial Charge,Returns molecular charge descriptors,2,Topological descriptors,Active,1.8,2.3,4.4,107.7,166.6
191,MaxEStateIndex,Estate Index,"Returns a tuple of EState indices for the molecule, Reference: Hall, Mohney and Kier. JCICS _31_ 76-81 (1991)",2,Topological descriptors,Active,1.2,3.0,2.9,90.5,151.6
192,MaxPartialCharge,Partial Charge,Returns molecular charge descriptors,2,Topological descriptors,Active,1.1,3.6,4.9,111.4,217.0
193,MinAbsEStateIndex,Estate Index,"Returns a tuple of EState indices for the molecule, Reference: Hall, Mohney and Kier. JCICS _31_ 76-81 (1991)",2,Topological descriptors,Active,1.6,3.6,3.8,71.5,161.5
194,MinAbsPartialCharge,Partial Charge,Returns molecular charge descriptors,2,Topological descriptors,Active,1.5,2.5,2.3,108.4,177.7
195,MinEStateIndex,Estate Index,"Returns a tuple of EState indices for the molecule, Reference: Hall, Mohney and Kier. JCICS _31_ 76-81 (1991)",2,Topological descriptors,Active,2.0,4.0,1.7,71.4,174.7
196,MinPartialCharge,Partial Charge,Returns molecular charge descriptors,2,Topological descriptors,Active,1.9,3.4,4.7,89.6,154.9
